{
  "AAA": 5,
  "AAC": 7,
  "AAG": 8,
  "AAU": 6,
  "ACA": 13,
  "ACC": 15,
  "ACG": 16,
  "ACU": 14,
  "AGA": 17,
  "AGC": 19,
  "AGG": 20,
  "AGU": 18,
  "AUA": 9,
  "AUC": 11,
  "AUG": 12,
  "AUU": 10,
  "CAA": 37,
  "CAC": 39,
  "CAG": 40,
  "CAU": 38,
  "CCA": 45,
  "CCC": 47,
  "CCG": 48,
  "CCU": 46,
  "CGA": 49,
  "CGC": 51,
  "CGG": 52,
  "CGU": 50,
  "CUA": 41,
  "CUC": 43,
  "CUG": 44,
  "CUU": 42,
  "GAA": 53,
  "GAC": 55,
  "GAG": 56,
  "GAU": 54,
  "GCA": 61,
  "GCC": 63,
  "GCG": 64,
  "GCU": 62,
  "GGA": 65,
  "GGC": 67,
  "GGG": 68,
  "GGU": 66,
  "GUA": 57,
  "GUC": 59,
  "GUG": 60,
  "GUU": 58,
  "UAA": 21,
  "UAC": 23,
  "UAG": 24,
  "UAU": 22,
  "UCA": 29,
  "UCC": 31,
  "UCG": 32,
  "UCU": 30,
  "UGA": 33,
  "UGC": 35,
  "UGG": 36,
  "UGU": 34,
  "UUA": 25,
  "UUC": 27,
  "UUG": 28,
  "UUU": 26,
  "[CLS]": 0,
  "[MASK]": 4,
  "[PAD]": 1,
  "[SEP]": 3,
  "[UNK]": 2
}
